id,firstName,lastName,email,phone,address,city,country,accountBalance
1,Ngo,Brown,ngo.brown1@example.com,0725675866,1 Street 34 District 1,Da Nang,Singapore,163028.52
2,Le,Nam,le.nam2@example.com,0658995013,2 Street 60 District 4,Da Nang,Vietnam,148168.31
3,Phan,Davis,phan.davis3@example.com,0113318908,3 Street 81 District 3,Hai Phong,Korea,36429.98
4,Bui,Thanh,bui.thanh4@example.com,0477845342,4 Street 93 District 7,Da Nang,Thailand,133347.90
5,,Smith,john.smith5@example.com,0627804480,5 Street 19 District 1,Tokyo,Japan,141746.60
6,Phan,Miller,phan.miller6@example.com,0394612596,6 Street 10 District 2,Ha Noi,Vietnam,183137.42
7,Vu,Minh,vu.minh7@example.com,0394898118,7 Street 19 District 7,Bangkok,Vietnam,101240.75
8,Phan,Tuan,phan.tuan8@example.com,0168794349,8 Street 72 District 9,Ha Noi,UK,43795.53
9,Do,Johnson,do.johnson9@gmail.com,0674213768,9 Street 82 District 12,New York,Thailand,3661.02
10,,Tuan,duong.tuan10@example.com,0837681340,10 Street 29 District 4,London,Thailand,149477.77
11,David,Van,david.van11@gmail.com,0132677653,11 Street 57 District 7,Ha Noi,Korea,127098.68
12,David,Minh,david.minh12@example.com,0446851024,12 Street 59 District 4,London,UK,74865.27
13,Duong,Thanh,duong.thanh13@gmail.com,0195167075,13 Street 76 District 1,Ha Noi,Korea,33356.25
14,Bui,Miller,bui.miller14@example.com,0772509056,14 Street 34 District 11,Ha Noi,UK,115335.75
15,,Smith,michael.smith15@example.com,0355018856,15 Street 67 District 1,Singapore,UK,32962.64
16,Le,Davis,le.davis16@gmail.com,0824793395,16 Street 10 District 10,Ha Noi,Thailand,140532.32
17,Ngo,Johnson,ngo.johnson17@gmail.com,0417270151,17 Street 97 District 3,Bangkok,Singapore,94090.76
18,Ly,Linh,ly.linh18@gmail.com,0801615510,18 Street 56 District 1,Tokyo,UK,135830.50
19,Vu,Davis,vu.davis19@example.com,0114033209,19 Street 37 District 1,Da Nang,Japan,6843.63
20,,Anh,emma.anh20@example.com,0549663720,20 Street 38 District 12,Hai Phong,Thailand,117551.92
21,Pham,Van,pham.van21@example.com,0456493120,21 Street 35 District 5,Bangkok,Thailand,62932.76
22,Do,Anh,do.anh22@example.com,0207155439,22 Street 70 District 12,Singapore,Japan,176609.84
23,Bui,Jones,bui.jones23@gmail.com,0430514199,23 Street 76 District 7,Singapore,Vietnam,13848.49
24,Dang,Johnson,dang.johnson24@example.com,0517476695,24 Street 51 District 7,Ho Chi Minh,USA,105230.04
25,,Linh,le.linh25@gmail.com,0380738075,25 Street 26 District 12,Bangkok,Japan,168940.53
26,Ngo,Van,ngo.van26@example.com,0796790616,26 Street 55 District 12,Hai Phong,Thailand,168527.20
27,Tran,Thanh,tran.thanh27@example.com,0146496362,27 Street 84 District 7,Seoul,Thailand,23437.43
28,Michael,Brown,michael.brown28@gmail.com,0987021974,28 Street 67 District 8,Singapore,Vietnam,94382.46
29,Do,Johnson,do.johnson29@gmail.com,0453561655,29 Street 76 District 6,Seoul,USA,142374.77
30,,Johnson,le.johnson30@gmail.com,0175620198,30 Street 95 District 4,Ha Noi,Singapore,160475.05
31,Le,Jones,le.jones31@example.com,0735975628,31 Street 16 District 12,Hai Phong,Japan,80803.80
32,Emma,Nam,emma.nam32@example.com,0368366753,32 Street 9 District 3,Singapore,Korea,134970.39
33,Sarah,Jones,sarah.jones33@example.com,0870067506,33 Street 84 District 8,Da Nang,Korea,163558.39
34,David,Minh,david.minh34@example.com,0409052791,34 Street 75 District 6,Singapore,Korea,73229.75
35,,Anh,do.anh35@example.com,0767431176,35 Street 23 District 1,Seoul,Thailand,97779.27
36,Do,Smith,do.smith36@gmail.com,0491844267,36 Street 38 District 11,Singapore,Singapore,182034.51
37,Do,Thanh,do.thanh37@example.com,0603401652,37 Street 24 District 4,Bangkok,UK,195410.30
38,Michael,Thi,michael.thi38@gmail.com,0700129756,38 Street 64 District 4,Tokyo,UK,155762.64
39,Bui,Thanh,bui.thanh39@example.com,0178896569,39 Street 13 District 4,Seoul,UK,156777.75
40,,Huy,dang.huy40@example.com,0423740826,40 Street 95 District 7,Bien Hoa,Singapore,193187.80
41,Emma,Thanh,emma.thanh41@example.com,0126400674,41 Street 84 District 10,London,Thailand,58131.08
42,Phan,Duc,phan.duc42@example.com,0430746652,42 Street 86 District 3,Seoul,Singapore,68767.23
43,Hoang,Davis,hoang.davis43@example.com,0282892937,43 Street 10 District 12,Bangkok,Singapore,69711.30
44,Do,Jones,do.jones44@example.com,0231924121,44 Street 68 District 12,Hai Phong,Korea,177169.83
45,,Anh,nguyen.anh45@gmail.com,0722290922,45 Street 56 District 2,Bien Hoa,Japan,131643.30
46,Michael,Huy,michael.huy46@example.com,0873989724,46 Street 20 District 2,New York,Japan,26930.68
47,John,Miller,john.miller47@example.com,0394878988,47 Street 55 District 2,Can Tho,Thailand,9611.45
48,John,Smith,john.smith48@gmail.com,0717691599,48 Street 36 District 10,Bien Hoa,Japan,102789.87
49,David,Anh,david.anh49@example.com,0793161966,49 Street 25 District 3,Singapore,Japan,184195.12
50,,Thi,phan.thi50@gmail.com,0513393378,50 Street 56 District 1,Hai Phong,USA,27404.95
51,Phan,Van,phan.van51@example.com,0816003136,51 Street 25 District 3,Ho Chi Minh,USA,17315.50
52,Tran,Johnson,tran.johnson52@gmail.com,0967163189,52 Street 70 District 10,Hai Phong,UK,193843.64
53,David,Brown,david.brown53@gmail.com,0228962456,53 Street 76 District 11,Bien Hoa,UK,66405.70
54,Hoang,Huy,hoang.huy54@example.com,0655736511,54 Street 86 District 12,Bangkok,Singapore,79546.07
55,,Huy,john.huy55@gmail.com,0270829995,55 Street 74 District 5,Singapore,UK,194849.42
56,Michael,Thanh,michael.thanh56@example.com,0119064973,56 Street 3 District 10,Ha Noi,Thailand,103005.47
57,Phan,Nam,phan.nam57@gmail.com,0473136385,57 Street 83 District 3,Da Nang,UK,80722.63
58,Dang,Nam,dang.nam58@gmail.com,0558341779,58 Street 53 District 2,Can Tho,UK,179705.30
59,Nguyen,Brown,nguyen.brown59@gmail.com,0553844761,59 Street 52 District 12,Seoul,Thailand,131252.08
60,,Johnson,john.johnson60@gmail.com,0545399926,60 Street 47 District 5,Bangkok,Singapore,192876.11
61,Do,Johnson,do.johnson61@gmail.com,0307069894,61 Street 28 District 1,London,Thailand,47908.02
62,Hoang,Tuan,hoang.tuan62@gmail.com,0421764211,62 Street 6 District 3,London,Vietnam,90960.55
63,Nguyen,Miller,nguyen.miller63@gmail.com,0450231544,63 Street 55 District 12,Tokyo,Vietnam,100110.67
64,Michael,Thi,michael.thi64@gmail.com,0216635299,64 Street 83 District 10,Bien Hoa,Korea,193782.82
65,,Smith,hoang.smith65@gmail.com,0482493936,65 Street 14 District 4,London,Korea,115278.24
66,John,Williams,john.williams66@example.com,0257563375,66 Street 16 District 10,Bien Hoa,USA,84335.40
67,Tran,Huy,tran.huy67@gmail.com,0900822106,67 Street 93 District 2,Can Tho,Vietnam,39958.89
68,Hoang,Smith,hoang.smith68@example.com,0263250228,68 Street 69 District 2,Seoul,Japan,165933.48
69,Duong,Minh,duong.minh69@example.com,0490695047,69 Street 99 District 4,Ho Chi Minh,Thailand,65876.56
70,,Williams,le.williams70@gmail.com,0572111160,70 Street 73 District 1,Can Tho,Thailand,165305.74
71,Tran,Minh,tran.minh71@example.com,0316624014,71 Street 19 District 4,Bien Hoa,UK,32248.73
72,David,Johnson,david.johnson72@example.com,0440547942,72 Street 34 District 11,Da Nang,UK,75174.22
73,Duong,Nam,duong.nam73@gmail.com,0919752235,73 Street 5 District 12,Hai Phong,Singapore,34404.67
74,Ho,Jones,ho.jones74@gmail.com,0136506739,74 Street 38 District 7,Ha Noi,Thailand,101003.14
75,,Thi,vu.thi75@example.com,0160063091,75 Street 62 District 12,Hai Phong,Thailand,94912.97
76,Ly,Anh,ly.anh76@gmail.com,0409153236,76 Street 96 District 11,Da Nang,Korea,56014.87
77,Ly,Jones,ly.jones77@gmail.com,0605789870,77 Street 35 District 3,Bangkok,Singapore,49682.97
78,Michael,Williams,michael.williams78@gmail.com,0492131658,78 Street 31 District 6,Ho Chi Minh,Japan,89925.93
79,Michael,Williams,michael.williams79@example.com,0655615926,79 Street 89 District 9,Ha Noi,Singapore,99964.76
80,,Van,tran.van80@example.com,0729376554,80 Street 18 District 4,Da Nang,Vietnam,174720.31
81,Ho,Minh,ho.minh81@gmail.com,0323403526,81 Street 49 District 11,London,Singapore,137431.52
82,Phan,Davis,phan.davis82@example.com,0112057102,82 Street 28 District 10,Singapore,Vietnam,116548.86
83,Dang,Smith,dang.smith83@gmail.com,0529779740,83 Street 96 District 3,London,Thailand,43799.21
84,Pham,Smith,pham.smith84@gmail.com,0733683473,84 Street 78 District 7,Ha Noi,USA,146284.35
85,,Linh,ly.linh85@example.com,0123038027,85 Street 36 District 6,London,Vietnam,139593.64
86,Do,Linh,do.linh86@gmail.com,0526990835,86 Street 68 District 12,Seoul,UK,34430.43
87,Duong,Johnson,duong.johnson87@gmail.com,0316964669,87 Street 51 District 3,Hai Phong,UK,136967.57
88,Sarah,Duc,sarah.duc88@example.com,0712046004,88 Street 30 District 11,London,USA,55461.42
89,Michael,Linh,michael.linh89@gmail.com,0286753751,89 Street 96 District 8,Hai Phong,USA,159676.43
90,,Anh,duong.anh90@example.com,0822603217,90 Street 70 District 6,Da Nang,USA,18838.87
91,Duong,Linh,duong.linh91@gmail.com,0671300546,91 Street 94 District 8,Ha Noi,UK,101953.22
92,Jane,Williams,jane.williams92@example.com,0576792430,92 Street 61 District 11,Tokyo,Vietnam,76882.75
93,Duong,Anh,duong.anh93@gmail.com,0204711201,93 Street 48 District 4,Bangkok,Korea,153860.31
94,Le,Brown,le.brown94@gmail.com,0192416248,94 Street 81 District 8,Seoul,Korea,171369.64
95,,Linh,le.linh95@example.com,0661803426,95 Street 70 District 3,Ha Noi,Vietnam,101537.18
96,Hoang,Anh,hoang.anh96@gmail.com,0592822987,96 Street 20 District 4,Ho Chi Minh,Singapore,184394.92
97,Tran,Miller,tran.miller97@example.com,0522110386,97 Street 50 District 9,Singapore,Vietnam,35644.57
98,David,Nam,david.nam98@example.com,0601881769,98 Street 62 District 11,Ho Chi Minh,Japan,83643.34
99,Ly,Tuan,ly.tuan99@gmail.com,0395923275,99 Street 95 District 9,Tokyo,Korea,96045.99
100,,Duc,ho.duc100@example.com,0820449742,100 Street 34 District 3,Tokyo,Singapore,13161.63
